trial,testing,parameters,initial_deadline,final_deadline,net_reward,actions,success
1,False,"{'a': 0.5, 'e': 0.999}",25,0,-103.70005570593003,"{0: 17, 1: 3, 2: 3, 3: 0, 4: 2}",0
2,False,"{'a': 0.5, 'e': 0.998001}",20,12,-37.09471655221834,"{0: 5, 1: 1, 2: 0, 3: 2, 4: 0}",1
3,False,"{'a': 0.5, 'e': 0.997002999}",25,0,-97.24656868029228,"{0: 17, 1: 2, 2: 3, 3: 2, 4: 1}",0
4,False,"{'a': 0.5, 'e': 0.996005996001}",25,0,-148.43060443275988,"{0: 14, 1: 3, 2: 5, 3: 1, 4: 2}",0
